A,B,C
1.471435163732493,-1.5822079984310626,-2.1870411553115208
-0.19097569470646447,-1.6201902148381657,0.617081572718919
2.432706968426097,0.04656189059276359,-1.0426813009460887
0.6873481039082872,-1.6798288588957178,-0.6320163039376749
0.2794112666349884,1.3958923270092252,0.8091850429310352
1.8871629403077386,-0.8449714218020286,0.02006834931295942
1.8595884137174163,0.8140069360500528,0.5897210583094636
0.36347649558265094,-0.049742305868199665,0.23811675697196133
1.015696372114429,0.53424675425081,-1.9765244408971423
-1.2426849541854055,-0.8070091295928943,-1.8877504004300187
2.1500357247198183,0.8416407443295628,-1.577326386268426
1.991946022342678,-0.5581726184680368,-0.19704473244605358
1.9533241281124303,-0.629157452422495,-0.23951222164461006
-1.0212548201949705,1.1776671263877339,-2.5856571143144564
0.665922634191903,-0.8450807337974341,-2.6914145214762817
1.0021183646834866,-0.28143890798300303,0.05473701755761051
1.4054534115701909,1.719957052964099,-1.5019931324124098
1.2890919409800352,-1.0774995501169369,-1.294687443431373
2.321158192129386,-1.378281685990909,-1.5013875492908257
-0.5469055532292402,-0.2951444138246174,-1.6320032489812817
0.7973536753708181,1.6288558180627637,-0.8940627015685141
0.34403065586106607,-0.37743754459771056,-0.4191128738255666
1.1934213764703583,0.02675792517150962,-1.0275686878282608
1.553438910956742,-0.9222382539247692,-3.467702983558586
2.3181515541801367,-1.4167574467150201,-2.1261647842561278
0.5306947152941004,0.8635280074720505,-1.2691883190865936
1.6755540851223807,-0.2044057780888137,-1.5829668237349206
-0.8170272265901968,-2.1098400256534697,-0.6873841981386605
0.8168914598210013,-0.5260839807913462,-0.6053095210604311
2.0589691875711504,0.05237593100022032,-0.6842738464000149
0.6021597718000087,-1.744193509488761,-1.9192432224550593
1.3374376536139723,0.05521901817602111,-3.2471557612496667
2.047578572892722,0.4334733933886641,-1.2934788702878872
2.0459382556276653,-0.0500591897138369,1.0536832946621244
1.8637172916848388,-0.6505124591314593,-0.47059497355698776
0.8779084251523257,0.8973140269220666,-0.571340491330141
1.124712953768216,-1.3712607139555244,-1.5074495699286323
0.6772051943917043,0.25295849588333047,-0.4694214294163116
1.8416747129961415,-0.4880115230424559,-0.6738122052760511
3.390960515463033,0.6373701317691588,-1.5948962496256491
1.0761995878372363,-1.889504364473676,-0.5730780000040965
0.43355406953504316,-1.7218513978113108,-1.064798978605382
1.0361419366840727,-0.49024404379923125,-1.307341435724964
-1.0749776006900293,0.8762306631541379,0.01247277051935125
1.2477921997485466,-0.4986065665438395,-0.6617311486730574
0.1028432155603013,0.6836028225972116,-0.25391126661849395
0.8632051667386527,0.36772439562951775,-0.8202271953363811
1.0182891913492194,1.0722987644759496,-1.917373275825325
1.7554139823981354,0.036580042073228174,-0.7438924703259029
1.2152685809694435,0.16022426439163975,-0.9152109939066472
1.841008794931391,1.3054873137201013,-1.384506140128708
-0.4458100770443063,1.2821032897833764,-2.297242272480978
-0.4019732815008439,-1.3244247186381772,0.1484946705727197
0.8990818000510861,0.22052249798719437,-4.277304075240199
0.45175755081314506,0.1645571628560962,-2.3639460677991293
0.8553804916306156,1.6594668350245965,0.564687191003904
1.354020332199238,-0.972849144273661,-1.7928166744446812
0.9644869747218598,-0.7489046986434966,-0.6545240821454588
1.5657383060625951,0.7648091403667154,0.6682192722974047
2.5456588046255577,0.0066204353040109284,-0.32124891125963273
0.025763666232684557,0.19170030104853333,0.16422588819498407
0.9296551228958976,0.029016553223402502,-1.4467646628463733
1.3079688552160342,-1.8892227698350117,-0.40187154295476857
0.7915012368941202,-1.5861747502442867,-0.8079409441140613
2.033800732555499,0.7582496550151603,-3.146925729541791
-1.4004536338122957,0.23802272847383138,-1.8852272870438316
3.0306036208387996,0.08783289916837053,-1.494391535222126
-0.14263128902276345,-0.7503271998217945,-2.0249865496252664
1.211883386777701,0.48010336352727195,-2.892835170398836
1.7047206243171087,-0.758712907521546,-1.311389361228601
0.21456478823680303,-0.34964101978424195,-1.1186673116683368
1.4620597371620487,0.02713487533245303,-0.16664549186975153
1.7042282254621743,-0.6073651119871336,-1.9288447531024189
1.5235079678938095,0.0474794480276694,0.5812532257370173
0.07374568646977409,0.2265373866513276,-1.7198762640526342
3.0078429507780005,-0.22852543073168877,-0.3287619643015546
1.2269625418708954,-0.6393255052447048,0.12129254889649
-0.15265910925095239,0.9697981607839775,0.17109720631529357
1.6319794458091295,-1.088442073673699,-0.8615682902687483
1.0395126866933666,-2.17891956228811,0.045212444498003546
1.4643923250508961,0.053776688131704345,-1.3432892283479687
-2.5635166606247353,-0.21933753868694267,-1.8419166351381504
2.3211056154702057,-0.6063673284453125,-1.6093472295156421
1.1526305522045344,0.6947053421168634,-1.1595144042273815
1.1645295429323985,-0.1694266163205279,-1.6464594424590477
0.5699043091235124,-2.5308579773773405,-1.2276912993712683
1.7673687357524115,-2.0969862767156786,-1.4262383239503635
1.984919841909897,0.02369009735639273,-0.6223499737581041
1.270835848826804,0.2826837861355865,-0.8588419862107899
2.3919861934464075,-0.792152562677377,-1.0350936746934547
1.079842313008629,-0.3649549785081342,-1.8896438562252187
0.6000354193034775,-0.41728457518625894,-1.7467648298617928
-0.02785055868190578,-0.3252064420888287,-0.38739551076501855
0.41528178873921173,0.3153589234836647,1.0803198355852417
1.8165939265478417,0.021994646640012584,0.4988651753620523
0.9180529481733346,1.1081600673623053,-1.1937748684390912
0.6552339857453557,0.3429693803069742,-2.3566225546841792
1.528288145297394,-0.24387597772811434,0.33205278730983756
-0.06898878348013215,1.8415104704715601,-2.2062110802336776
0.48811869087318493,-0.458281234744787,-1.4674122025882532
1.2912053597430635,1.5713959841642924,0.15539218303644065
1.5665336963535723,-1.4059070723881977,-2.481917631993632
1.503591759111203,0.007264643091676329,-0.1793955099687915
1.285295684781857,1.8300122162153667,-0.9269487214262024
1.48428811274975,0.6478541535753809,-0.6865689975483178
2.3634815124261457,0.5065929045948423,0.8189287153224727
0.218894716374608,1.6306588706577558,-2.2539668739861147
0.5319823336625145,2.229005270739215,0.5583846363679945
2.2245743551261743,-0.36656043216571843,-0.039108105208504496
-0.2811082751440426,0.0679105861898321,-1.9356909877591195
1.8754755042743243,-0.2856621101325567,-1.1787078168924463
-0.710715324029529,0.24997123608511843,-1.2687669372555805
0.5492348968637256,-0.40428796554480456,-0.697975426385754
1.749163805919065,-0.9966018297104684,-0.3841937210689963
0.7960671338987488,-0.8103988237632764,-2.3008904172484548
0.8178245883342659,-0.7104141028355746,-0.9818957649151054
1.6806560043814565,-0.8525586380170425,-0.8357120231318592
-0.8184989903916142,2.7103620617407675,0.3330500554541418
1.047071635325711,0.030950979509301695,1.603918370341428
1.3948442093272044,-0.9057307549510625,-0.6029865696059946
0.7515679456191533,-0.09202970497549351,-1.477669572686193
0.3822933520029833,-1.4114055834631487,-1.103413737079575
0.31711600355066605,-0.279287275307328,-0.7699785723868431
1.4362576043409168,0.8588504285990501,-1.8677089088005956
-0.7030127741132379,0.9894190890550728,-1.1244836090077888
1.3937105991386651,-0.21954540602463243,-1.7612431104652555
0.5206759964245027,0.28898938758075404,-0.6755771562469848
0.7009837070339195,1.5663334139328424,-0.6595065773453419
1.6941032876787643,2.4445597942566755,-2.1394985606393417
1.6786296737098565,-1.286918173484076,-1.3623528651319516
1.2395559950038968,1.1785050617253972,-1.6125781070227099
1.1512266292944497,-0.3602979425548198,-1.0604876844411708
1.816127233360041,1.8724195260099583,0.09263782689543754
2.8935344675962007,-0.43147373982918175,-3.0460926313720758
1.6396327631937027,1.4018421987343948,-0.5809689108311225
0.037971168094808605,1.2408449753304776,0.09968555251967648
-1.0852656421201097,1.069111150207924,-0.7813425667968144
2.930246767465576,-1.090075713600904,-1.8482329638296515
-0.7353488744703927,0.05147786069553115,-2.656612909214293
2.2103837049045145,-0.8905896572272115,-2.0246100220909176
1.7974354194278734,0.9995919149953225,0.33522640259043035
0.620189215952621,0.7787187664892314,-0.1493423602892875
1.7025622240016003,-1.2400270570829632,0.29502760181267784
0.149653728344885,-0.7765090260755442,-0.9497021043602746
2.176812450104929,-0.9067375775382377,-0.6504531807758215
0.475663897367544,0.4323266506268889,-0.9127254228701364
1.7009077309156047,-0.417597375170239,-0.1812902225575479
1.9841880707224155,-0.025423713605457213,-1.4748761668976291
0.8782715913331798,-0.7377010525597691,-1.568756245372945
3.365768628840039,0.650904459533196,-0.9413735812787686
1.4961429262475947,0.4583416206899287,-1.4891073937538928
1.7965948666649523,0.5679619039092129,-1.3568727353595758
0.525979109874315,-1.110652830418668,-1.4370709543590765
0.9433042835090705,-0.43424449665104387,-1.2435343636998466
2.357797258107058,0.8353271395689392,-1.093778083961819
0.19516627583329627,-1.9085230842208278,-1.6159828068403845
-1.1236202490929301,0.44747372371647665,-0.585350586849182
0.6664975595667526,-0.5567009825683705,-0.7979042693653488
0.11328064751462197,0.2956177553344715,-1.2975605411143356
1.3341979308990088,-1.9895432212112902,-0.31833940595673516
1.5367838249027503,0.8795335048905994,-0.46168916518948
0.2561696320637987,0.2990687378354516,-1.6140509632345008
0.679796117759121,-0.12903186584899776,-0.23094242417321742
0.08380113873345907,0.03815417922975076,1.0632416025570355
0.14033170001825934,0.6854480774980259,0.5247187471256254
1.2259854867337554,0.3478283868111814,-0.6104660312434476
1.6287758265382943,-0.8341233021449704,-2.441940903716077
1.1864943487730746,0.8850746464833872,-0.15432787520104196
1.9524783451091219,-1.0680976832962814,-1.4453127615770593
1.9881375825933087,0.021527679559882062,-2.492266031845053
0.9273916860373245,1.5716609971652493,-0.788215225091353
0.44939707643658067,0.8839555741406082,-1.3671833908535016
0.06184738590689576,-0.16809525775457287,-1.974051584379957
-0.23907156259479256,-0.7399211862796835,-2.3418687252002828
1.1396832740312948,1.3937631763217908,-2.5496323079037104
0.776981018117524,0.06121652036774996,-0.6864648766423567
3.123691888593553,-0.06384308342238247,-1.4035548609890918
1.122273434258829,-0.9321018601174841,-2.0741800143056057
-0.4094317399227687,1.2921182237026438,-1.001412033520313
2.422985952772243,2.418140579183917,0.09771332615759865
-1.1478550376436099,0.3448579057382745,-0.12766816497778322
-0.34753251345775493,-1.2546738304282525,-2.7551804942522606
1.3635645568066483,2.3889139345594184,-0.20451491994033766
0.9852478881954051,0.6686243088864698,-3.0075310759152303
2.27239507854621,0.23279777475806127,0.18613372822562413
-0.4495666088633876,-0.4635043409030262,-0.37143896731969295
-0.19552374166697084,-0.18596637081344913,-1.0578423093275766
0.408137026852751,-0.23583064019062738,0.855901740057869
0.5854951564678105,-0.2356301292960787,-0.9715164127172353
-0.42579473343802143,1.4915332826684922,-1.1814337413488638
1.2093947875359239,-0.9961724067813501,-0.3876008709067025
0.4071139961610746,-1.4390314204515067,-1.7633242398492903
-0.47311641346564737,-0.6703181113768811,-1.3549615042251966
0.10341938469812895,0.5523345698622447,-1.2617758187874017
2.1043515698603126,0.0026980464037958595,-0.18787420982257885
0.5684504844839553,-1.1353398688467107,-0.5173846581804926
0.8388630917559411,0.06052134161579521,-1.8865119499930716
1.8891574940728737,-2.1204416331646057,-1.0377569799200785
1.2883768477152655,-2.192293576485658,-1.562953210612851
-0.051538937570038135,-0.11160123769916606,-0.10229426467256664
0.6804386001597685,-0.4786735491999036,-0.6167679546122515
0.3800069122787978,-0.4189253622278274,-2.3248062731201498
1.156998376446689,-1.7827756935754673,0.13926922637508077
0.4285446489202107,2.02099422535066,-1.0554806211895154
2.057633183204614,0.6523780867584091,-0.46621505677864805
0.20851119052211453,-0.8578899782626873,-0.5092665848513682
0.47537265407152984,1.8745856257735347,-0.027176672851142225
1.0718780393703686,1.5929462868441997,-0.1930908261703792
2.910759427277183,2.295963805404082,-0.6824541694614694
1.7879646831376144,-1.2101319761613385,-0.9485215941307921
1.513082144466992,1.4580106576739889,-1.972116873461005
0.4535837197264061,-0.16069866319929507,-0.8401638823431745
2.043944655495323,0.2010931296266946,-0.23413859977077678
3.10778515279337,0.38617675211402597,-2.733863317396502
2.459927481585294,0.38182950269241284,-1.299493477422042
2.0154054578125207,-0.6519191171544244,0.908760702208991
1.7491846009241976,-1.4876606079243513,-2.212121090541916
0.3244785215633118,1.5167183269119553,-1.1222815270576172
1.4402663916687297,-0.22911860610098936,-0.7739384321485876
1.6889718563269422,0.16392040537006425,-0.5751479166134341
0.7233538727230127,1.4965293614260355,-2.3029606975377748
2.92453332001529,-0.5992504823494075,-0.7551332763934925
1.4112040207072238,-0.7601693113722089,-0.32098283040383846
1.890764956173117,-0.07025707016072326,0.660737808567728
1.2263632272517069,-0.14426274554185445,-3.0312703733224846
-1.0786178937021753,0.19309788766068725,-1.4353297358359132
0.612113768032824,-0.00366583331129061,-1.879835763277835
0.912893030036001,0.764705484404578,-0.8711681256349516
2.126385822137273,-1.0285511401092096,-0.944659018999344
1.2471117161577363,-0.4245967436854538,0.47203289435467766
1.121171805331541,0.7629206807292105,-0.4746122665268513
1.2989839355420467,0.5151203807540199,-2.1109557076462604
0.8429008631533483,2.5779001224171667,-1.189566276670011
0.2595309772192821,-1.0635494651955222,-0.17436047518893838
-0.24765292305123277,0.1837116189338406,1.4702424931746627
1.2494552151524494,-0.3002271019907044,-0.6889127828410716
1.5810733206206065,-0.8531689356791227,-1.583718763658222
3.7638440798495663,1.1204380965523477,-0.4194910754342741
1.3993254369795762,0.12031178351513229,-0.16738724745974587
1.6684881692058056,1.2025879645408968,-1.538230522402587
0.7242262713436949,-0.40990890367668414,-0.7386744195727835
1.5004829001543722,0.4341984253416816,-0.542668085213085
1.8630648605906246,0.5973709182589555,-1.2096578258343307
-0.0516278594652122,-1.611401667894683,-2.7331988186576774
-0.39205407749308696,-0.40574990484725837,-0.4234457702053446
2.1539222406122254,0.38508636162761195,-0.9262139853555598
2.181944105999232,-2.019652146662179,-2.6025574051336076
1.391371448421931,-0.9122968761418886,-0.4523980061586865
0.1189529077984306,-1.3192154575728252,-2.9683215058684764
1.29507995978624,0.05057075199555,-1.2195545403068346
2.863801062132504,2.525529212512197,-1.2493353313628488
-0.7122739244712557,0.5780726222448056,-0.0016848637052968574
-0.4070845457432255,-1.1266081518773763,-1.0578275286671601
1.1267811863269717,-0.1750270311659883,-1.9849013936264777
1.0037598477954959,-0.08948608726613148,-1.0344766699778032
-0.2689942560733918,0.5019653183645826,-0.6194137405979268
0.16115707857971007,0.3577869590033971,-0.5254950291970408
1.55392125143972,-0.8766771606751544,-1.55550413712447
0.49595728191803634,-1.5200621998509434,-1.392933986488261
0.21155981548212133,0.5448108887817507,-1.5612983811808991
2.5294006744839312,0.8925588622190317,-1.2519736812643651
1.2054548539259797,-0.6214931204745734,-0.43389364028855926
1.3130131289808604,-0.07875925953707975,-2.053767865481302
1.8665207121682994,-0.1575809237790205,-1.35893217310693
1.2990705295943763,0.18987262213113995,-0.34670820558782933
2.076540643846122,0.8191019411046375,-1.0693672170454762
1.3631773475444522,-0.673654915884391,0.11993425162923566
2.8936798255518426,1.1818184840747838,0.8416467594562573
0.5142472557171917,-1.5112188094123393,-0.6952191512814172
1.3876744557775984,-1.4378480743172242,-1.819031561277893
1.0235576103925537,1.7074137527889375,-0.124105818944242
0.3397704979557201,-0.6109769869522629,-1.1728063354576979
0.6813150704219857,-0.6916284672470955,0.24984021509850707
0.2773378063256273,-0.5491267575225652,-1.9223068969056807
1.177386719384599,0.7066009400394595,-1.1306903399753154
1.9835127293431642,-0.8928446636653478,0.3045465292385614
1.0235045858853946,1.2091358084873127,-0.39530775081998326
1.5537769778633659,0.5397854765202809,-1.232043615399396
1.3537692939966397,-0.47449035408795415,-0.8184149362312225
0.7244063662323177,0.38186484382503133,-0.536077067261501
0.5095164085213186,-0.21100334781235738,-1.204516802398667
0.6255633998072194,-0.35783703289367413,0.4628236533096486
-1.397503976138816,0.9601058213354586,-0.49385064890133035
2.5410299832779386,1.9298754140369143,-2.9868845621613795
1.0630845389573051,-0.1172830670823735,-0.438916706545893
0.7155593160737073,-1.043927138793719,-0.6568842194720529
-0.2656005376012107,2.304864753441823,-1.033852525288779
2.78797963245575,0.7401407586989436,-1.0615564986997348
0.6454912919306257,-0.28117080232204433,-1.71120422920148
0.8952388769328957,1.0973775691358045,2.2205684266919756
1.3862536891890525,0.8750882114761359,-1.1201116326460563
1.8227753737653734,-0.8194899549284452,-0.6570415472495186
0.31621017756899217,0.6297982776957948,0.8102504597545817
2.0572033312141293,0.6380985834818252,-0.38921298118155134
1.0318799735690316,-0.12762876675591556,-1.3735583432326308
2.3431824575289415,0.572691024994731,-1.0022903739522664
0.9494603104512276,0.3412055583181066,-0.5232786703347301
0.6359900436928911,2.105783726343923,-0.38184731574095754
-0.5533423394310608,-1.7708719581547259,-1.2348161193604528
0.6807021981798389,-1.5677167359812945,-3.101305492621314
1.5270464509549642,1.0406989527667878,-1.4874963175345928
1.711112399364823,-0.38956820567858713,-3.302743472091988
0.7824545195095238,2.478680715109032,-0.06515079048135419
3.6377912107038637,-0.8517454094255587,0.36716614351886356
-0.7421376305949654,0.17509136091047575,-2.180575260346776
0.9055651922585558,-1.2411379667255165,-1.2909128027653338
2.431183752254564,0.614357568402309,-2.939286949378908
1.5927584465506688,3.125635148964697,-0.37129451561535687
1.170296895326288,0.6543699002701612,-1.2225523335866877
-0.7517059477920245,2.0953445277181215,-0.7768924662544798
1.2885813223432079,1.0477114549434385,-0.9483514265420363
0.4574204830932207,-0.6607308160886369,-0.5008327329424256
1.1716023819859949,-1.9789954872979618,-1.8112479946106204
1.9828178292431047,1.5102550011408555,-1.3993460597739673
0.9746510979372313,0.5719097121624452,-0.4850221201174979
0.7124475507158919,-0.23394404102002794,-1.0869210713092414
1.924442867343366,-1.3838596588402052,-0.43984338443615534
0.9387537001336854,0.7394479748694446,-1.1535770056682306
0.26896665741479386,1.4089720263836425,-0.7724113742560582
-0.022773704695142838,2.118333460351792,0.302304455798716
1.9959929702457524,0.580306712267777,-1.1431130692806675
1.955557932627455,-1.1070422144291665,-0.38535029695189515
1.7138407711950432,-0.16376553967851626,-1.0420855727464557
1.133370962194122,0.506743290230108,-0.2108625963741102
0.19296169152718656,-0.02858929960017153,-2.8173630115381245
0.6579892181207849,-0.5056281368553066,-1.5810577367991945
2.9087796580911864,-0.001313388900468286,-0.6301954107860066
1.1559232614531267,-0.7613824407319749,-1.4339132015400426
1.7596525320929626,-0.4878145725373255,0.2070467316291671
0.5769937715807516,0.2211238672688511,0.4567154222412275
1.1816727453236817,-0.01528612611490218,-2.542686454864634
1.2744925707464034,-1.5690136329602513,-0.22193517629738158
1.0679123573807572,-0.36808514793665126,0.005863040725611279
0.9630171851240805,3.1096353504069594,-0.48684767231957915
0.8291989693023776,-0.6232073791066405,-0.22588381364317045
1.2669732315398679,0.9777184315078143,0.30028916013747153
2.3829972488529254,0.15330679325048474,-0.08643970241894716
0.9775391264885734,-0.9816252535552545,-0.5431836212358601
1.1313953672259152,-0.3601010468635248,0.15238877192266975
1.4344371851022324,1.4951671333343703,-0.2584996319405616
1.2645340683169988,0.1817089483087207,1.162058242935176
1.5656583442738246,-0.7675489418365579,-0.4820896571450055
1.5850842795017246,-0.34085761407504506,0.7897669361802573
0.8257018472479126,0.37240949729518597,-0.6249604631621168
-0.07136867145508963,0.30592194744178414,-1.0759693398275405
0.9515394974476168,1.439554598911049,-1.6780031590234363
0.15470961043375653,0.28601694334301253,-0.39945860323958926
1.4151005583815808,2.103882901629114,-0.5065226946886894
1.4255305913978584,-0.6536297319877492,-0.606146019043974
0.01927564249941416,0.7783528202732594,-1.906409064948945
0.5721738900279795,-0.6828313189910734,-0.6808492438578799
2.498569955138537,0.04690990675552818,-1.4991438575920089
0.639843429130972,-0.7441002136193985,-1.6603992597427228
0.5417596106625071,0.3107395545951244,-0.9225302993140914
-0.33796840195097055,-0.28249016350252204,-0.6124481846896404
0.9586134603851281,1.5872692341101162,-0.023647129063911976
1.821047956107915,-1.0138017873961387,-1.8412989107482074
3.0978007807716916,1.3736536583692938,-1.145935565768634
2.2829332468745234,0.6579779477468244,-0.1451770669194219
1.2703379257393719,0.5557337885446043,-1.2855409218331575
2.0031403620449315,-0.4303100938766455,-0.9461575293049226
2.0786735513204064,0.09332017110852275,-1.603582238959068
1.3407526851297642,-0.2899447037696874,-2.16037525951574
0.8019250403764318,-0.5865382483604686,-1.812097638603043
3.4814584228756535,0.12376754028432002,-2.1958493744418996
2.3852548761892063,-0.6543168992230842,-0.43748352313823724
-0.15460096538966894,0.9377871564277188,-1.236867387563127
-0.2680690503770815,0.8392407532009157,-1.2196736933514842
1.6078621862094797,-0.6673312822813762,-2.6233220702914823
-0.08009648315759099,0.3419136877095176,-1.6343960605625003
0.38871832520423777,-0.9976396109124448,-0.659123367129758
1.1020351122923313,-0.8935585462133503,1.8336828709800268
-0.43657393677211864,2.364697549348695,-1.0762703682811119
1.2107170525056552,-1.8614240143421334,-1.9982456193421114
0.10309582930248773,-0.6359711784609213,-1.4349018762414196
-0.7243930789918331,-0.6923052342077858,-1.829301308323124
2.7923391966469424,-0.1852585770460116,-0.15892088249273606
-0.3127127065922315,-1.8974207478926115,-0.7299492540650612
1.555877426385625,0.5807171574650134,0.6127058380125847
0.3181186945088693,0.02691516940587674,-0.43180372470936945
2.5727427457558045,0.7165079120346414,1.607840593749628
0.895348425152234,0.6155663231422478,-1.1065736044473542
2.850397801609901,-1.0904331802301555,1.0178290141152315
0.6666495732505995,-1.5082892596916835,-1.8402575423123992
1.1934642338198724,1.1333790980484046,-1.0861640611496477
0.503255062135091,1.0229341905489657,-1.7862692877166457
2.032723215735861,-0.3213527699561276,-0.41151172087235754
-0.7398037975225593,-0.5384587151848637,-1.3465984492904584
0.2441378243770912,-0.0838229567610772,-1.534316432527577
0.11888826735206448,-0.3974720607662355,-2.0890135570513095
1.3938922629126753,-0.31929059356767586,-0.7082305328413664
0.049974465203716734,0.9485342486670418,-0.7461982212586602
1.3325066221622492,-0.5396980397085667,-1.5806865816059679
1.5289444088560467,-0.29633628369982323,-1.2130513405515087
-0.12052099399272498,-0.0719665766900638,-2.6868111262750767
1.0482642069256567,1.3990513239554587,-1.8570730006443013
1.0619884505217776,0.718805761142222,-1.8011618165338614
-0.02751567321786741,-0.8636711320523666,0.3862268370705779
0.761664634532674,-0.04671941361551819,-1.5165659213017568
2.9321781695813467,-0.7508349034562566,-1.1904076545820326
0.7733677063231641,-0.6351549661597865,0.4463563446498058
0.07616927982307697,-0.681020157223664,-3.0984203437063647
1.3558389974728202,-1.5015857507401984,-2.169858850887586
-0.2700634783862885,-0.3689251095180911,-1.4187942927660635
0.8045275873032414,-0.3529993532697688,-3.9445730668452152
0.5365806007825368,0.12738439320069522,-1.0985543370735353
1.9894148472858508,0.5175313294139895,-1.280782183287366
2.388647381631717,0.7478368403067577,-0.2601493103235095
2.087713736524141,-0.8093775569854329,0.6271815642363854
1.4388012630343907,-0.6326859214279354,-0.9698675170128159
0.038397759118763974,-0.4466548295775251,-1.1456013391378086
2.2456099371478464,-0.6869202016869035,-0.7724695685586671
1.502925517670632,0.20931008385048283,0.048856426837899924
0.3686012216214807,0.48030822044249066,0.7739387234242499
0.29574795291174005,0.13851720390059455,0.11688684903260782
0.7595174632416577,-0.7901001377408152,0.08125126876455191
1.5855993109298576,-0.3858503519708423,0.5094157673218502
1.3528005601084065,0.5576661640479297,-1.4986937598421262
-0.8155576924320858,0.3433474065150906,-1.9131552518682975
0.08987615430485807,0.06734386956783288,-1.1269448086163991
0.2514720466609405,-0.6158051778970814,-0.920314140771296
0.8918750735197369,-0.9106031975678576,0.020345185551907674
1.2747788370521678,2.1710430692093534,-1.7901096520364366
1.2373497645094251,-0.05055462865777262,-2.155447341438964
0.7401563056366115,1.5523521981801878,-1.367505473062133
0.6875578228436001,0.7961557907824023,0.2639136627094649
1.4485097425124067,-0.5451694680006833,-0.17295109593358693
0.9404680352955995,-1.8707031252928834,-1.5724690169883524
0.5299851866022134,-0.5623654177184856,0.21167772236914772
1.3495667716276656,-1.7835947993156949,0.7929881818126918
-0.027468847173612865,0.07063438366854578,0.37912467674757666
0.6933615161303892,-0.47453711052472464,1.0499171575558504
2.406176139494268,0.25230587655188325,-0.007988660998643926
-0.24969677279435287,-1.1109249057792236,-1.9300347955021235
-0.5601488888852328,-0.08980445556083116,-1.2493938794874082
2.5573976506490226,-0.8365493257963734,-2.002894564421223
0.4066436050235118,-0.4144070623723996,-3.572706530852806
0.8297114876704995,0.8533092404516831,-1.0460803825309632
2.672626808454706,0.6142266117459699,0.35918202826909407
0.45920019235012477,-0.2385667604664495,-0.9790286254474051
0.3158716712334154,-1.0552879036516567,-1.210473100288325
1.599962085981993,0.4334354727442633,0.5972606011319666
0.7828008748553619,1.7641194697023597,-0.0738085952562153
1.331526518352153,1.197646134012041,-1.1365429264114975
0.616635419849172,-0.9488682970216796,0.16816261766394835
0.21818391192688902,-0.468651691379156,-2.0062449772903106
1.2662374068278364,-1.260191330435231,-1.6167593390039119
1.2794280245327374,1.5802851799254127,-0.7810604470829028
-0.21962569517377006,-0.5556926438325501,-0.2821617131955012
0.27605108324449557,0.6498153333949213,-0.9866669471351038
-0.7347783075439347,0.8379682622990767,0.34805985507874815
1.2716607843740244,1.8300091138130197,-0.33782350552147444
1.0991120169490902,0.269306377753858,-2.050645418004361
0.6369100935627419,-1.84875643955979,-2.0348700000799846
0.41177327171148115,-0.7498050034792573,-1.2432424671520068
1.025941713524132,-0.26773300432054037,-1.7533664477386428
0.42769764925484133,0.63126998987283,-2.4543293391769714
2.1055869627971613,-0.08714292763347854,-2.022920142803735
-0.20801559282964743,-0.06924901842188431,-1.4769887773304675
-0.33970103997491563,-0.16782281226658904,-0.8009043998852732
3.0751854067317823,0.6494986890305593,-2.061083072669552
-0.48940970133101036,0.6204354755517832,-0.18215962335906577
-0.1509530656259641,0.14440846402195198,0.5507953470036551
1.4190598246739659,1.160045522133891,0.22576831025113342
1.4134052764244962,-1.0543722021205906,0.5225412755010816
1.7175769325882828,0.26477793369601654,-0.8625128128094293
1.2617248396799048,-0.6746149597982909,-0.5515220763795099
0.7572287288996377,1.3208727729836292,-0.04783013383339085
0.49873186724833307,-0.9599054583417603,-2.115069113747462
0.30187102103114494,-0.807430538127575,-0.3485878872375452
2.384580160839074,-0.32822260139740705,-1.1921020470079566
0.7135745860642443,0.9170876091858432,-0.6623773948559943
1.5000695850282262,-0.31676834505654866,-0.952456299165551
2.951103236540061,0.922813208104403,0.4715787164361984
0.7216325384069914,-0.8929768107587858,-0.5230693322931717
1.0367862586307104,1.9350439373079196,1.0102090799580394
1.4458525062610013,0.9198613265920247,-0.8641756491713252
-0.4103507576806693,1.0662276712415928,-1.8281315025824596
1.4500013006954748,-1.9410283554719527,-1.9753462143294862
1.5154795307938982,-1.4080260151721555,0.249701463296506
-0.15408394038260287,1.6725063796804007,-0.02244890120482501
-0.3801733950718382,1.1357756101901835,-1.5558203190653608
0.5041669947868372,0.3443234994095252,-1.1673538932612844
0.5867209275811287,-0.6470941505714314,0.8106477310836397
-0.7193166679275491,-1.0279258717642206,-0.25376541787069873
0.9704390972469153,-1.8707844255906292,0.47763996533426445
0.23396011647717108,0.6611004434162897,-2.4366501316280287
1.0998820765026271,-1.8046330675685784,-0.04512792333850313
0.28697604337025584,1.1655358379853618,1.116854054589167
-1.226117620977587,0.6638579615549532,-0.6313995154972372
1.725714153121955,0.15607753177857187,-0.5683302221435647
1.9169762830692352,0.4136135658170585,-0.11785705855333328
0.43610975958874465,1.211116288099381,-1.0262130175373092
-0.5221795568231706,-0.1761213310852474,-2.9418800999140085
0.9857212113724377,0.942437804029834,-2.106825010892752
0.7532791931811157,0.6334358361248987,-1.667835247476903
0.8346705234827207,-0.11388029975498705,-0.7892883109494528
1.1191139825983412,0.4579966414982767,-1.5301947340624666
-1.0749804861700474,-0.6155606163888001,-1.2951907062889036
-0.0027552170169169443,0.38528553640270174,-1.1727216834813734
1.523546018063799,0.2914954295020472,-0.3615464133155468
1.821517308998922,-0.22415901631674995,0.8076221765586795
0.8512581506671374,1.0892701221759744,0.008900132503395053
0.9546295880407081,1.0113876105700055,-0.32717775882463807
0.29550707447023905,1.1246455384703014,-0.2293415800146018
2.73031551950634,-1.870844094740726,0.533001694300117
1.2289272555040534,0.17573881890861837,-0.4236792031697171
2.0927410572908394,-0.7765863556246633,-1.8197808605375374
0.6464284733385726,-0.3038649028357182,-2.3020515041115965
0.9693411350632158,-1.240402482538094,0.5994771313349532
0.7998281493793237,-0.5075722847087757,-0.3231251160772248
0.5186897606427259,-0.3544772294682724,0.32406168868762486
2.711425997011576,-1.0460104729640576,-0.6891868118531819
2.4353870862526215,0.39367276610093677,-0.49551274014616964
-0.16752033324100601,-0.34564805677932203,0.2603318143966997
1.0408434247660017,1.3131696205100751,-2.258468074377033
1.3620181956704454,1.608318815190555,0.1810678343469856
1.5725921910432454,-0.21920923766773132,0.2329534104304869
2.104460236733149,-0.3484809683247863,-1.0069284403984726
0.5743279734794069,0.30135044383014387,-0.6325509296180145
1.75568884284869,-0.22529738563835672,-0.34781385720698554
1.0102814571553276,-0.6624343515388721,-0.7528689864516382
1.2245857707648966,0.9117144920710013,0.5432642310900095
-0.1347082265682895,1.1908243175819366,0.3267888433623698
0.04847905876844383,-0.10969945837725566,-0.38868386385620246
0.8728695439242334,-0.3583376903393199,-1.6829024461963424
1.0289444984011233,0.570309900504869,-1.9204114471090534
3.1040773666293053,0.3916856707241631,-0.06101550125614963
2.5675141434637165,0.41016945080814626,-0.7185521505408312
0.3757703672091266,0.7078594389847359,0.16216297265866486
0.5993557979400237,-1.100796980074196,-1.0351007672116728
-0.13706153820912448,1.5648503479409237,-1.8256150051579818
0.09684096300312006,0.5622428995638084,-1.3091595228345956
-0.0972780624190317,-0.737363333384284,-1.252156610618985
0.9286907903689007,-0.5890225123003711,-0.21915573755894158
-0.3193390866508534,0.4579471619870794,-0.6559351593425344
0.43990705412292874,0.005271827449651135,0.27524691617988983
1.164954557033364,-0.12097994925482837,0.303762936800845
0.3684142120755476,-0.35335457682531685,0.817005214106636
0.13293022043723135,1.5530442101111288,-0.5344109790443854
-0.0025626707106647384,0.07513124552918019,-1.9862046439817465
2.2073482032456733,0.9958228752170344,-2.7197577662744528
2.7119870129859924,-0.12294749468993671,-3.2300785008963344
0.3754105206982875,1.000218966704565,-1.4391056880759974
0.7878541960140415,-0.4109874780183777,-3.3972421110442497
-0.1935641822743448,0.1722557333574618,-0.8754915227261211
1.6575858924331783,0.8440837950928912,0.4939948526070519
1.2000798815523943,1.1763465817946228,-1.237058119011039
2.091259859221752,0.5384643382400316,-2.482014489040388
0.5109779417262905,0.4719653640704572,-0.5701111651385178
2.3682202622259583,0.012564319403011075,-1.7821863263957176
1.8916251175268084,0.09263334475571541,-0.610334380669942
1.8375662124501373,-0.4955874612023268,-1.480306207996761
1.5141447133892467,-0.9686513965922573,-2.0519031409565445
0.9499503075901662,0.2969830580357393,-1.9877360444045427
1.7439528461648939,-0.0016800998267481788,-1.1820595733455386
-0.7240502035381267,1.0297057229902993,-1.3794668431814077
1.0899015732727284,2.0892535178245946,-0.7267520984189602
1.3227395618852,-0.1908579100539439,-1.138556375663744
0.6228505743884434,-1.5846587483612327,-0.11809576515157083
0.9997791016984007,2.511214813564921,-1.5148968258939481
2.0501136937792213,-1.2392335762588358,-1.1177963682315581
0.8313008877824852,-1.2236683322867823,-1.1089064330014962
1.7978764964211627,-0.33522864818333964,-2.1426490050054854
1.5525243131579978,0.4599295396846927,-2.349120205249965
-0.15309326180418092,-0.6405535257082112,-0.6831200814718021
2.641552189028805,1.7625684076316936,-1.128845480522943
-0.43897783447424277,-0.085673016474234,-2.3526437971588425
3.0277395138175196,1.6361783276216142,-0.8385424106360432
-0.365317321173664,-0.5441082699596657,-0.26093565873274105
1.072148862392285,-1.0499986848586722,-0.8346230491071466
1.6131516784246442,0.2546166807114456,-2.495079532289558
2.4891664262942452,-1.7501227406239075,-2.7136389991622822
1.221296575034621,0.5513421548060659,1.050599192511176
-0.530892108386614,1.4128619856045128,-0.22783322491275704
1.801888214216484,1.3217173879162736,1.2712432023610916
0.5755332871366607,-2.144451535848617,-1.9738359830647094
2.118854972135864,1.023722450295963,-0.5258310721356843
2.569548064582847,0.8239231846771865,-1.6280209693953889
2.4277317710676356,-0.6349929458061817,-0.4187616015199134
-0.3718378731166938,-2.218380612891945,-0.7580124617284094
0.7335821073578037,-0.9675057502434558,-1.140923737814549
1.7792145652142417,0.6047647542910819,-1.6532545931074316
0.897185705314986,1.9296713186250312,0.7358555735536758
0.4135353782416126,-0.823641385174183,-0.506777406873933
1.2402526545950496,0.3120285634559369,-0.3002392353033344
0.0019443412284608774,-0.7850742848090894,-1.4902148135657507
1.1911699128232047,0.7400888614718153,-0.7037187976660876
0.04719697841909121,-0.4363401053340801,-0.4252262123529912
2.470996579505006,-1.3852224715141617,-1.505159694438329
1.7189049215428982,-0.054951928147801275,-0.29745171543829985
0.8334404227230915,-0.758839123761631,-1.5545848308225907
1.7646112966882201,-0.6633574416656721,-0.2716644740969829
-0.18944347084786117,-0.23139206049208666,-2.243858119696293
0.4651427362797359,0.3131499984495429,-2.107821818220321
0.9784021533533496,0.41058809177784245,-1.4266981608358724
-0.10519159147978585,0.96317788543876,-3.755651104133032
-0.05594633852493547,1.2147843798329534,-2.1483471628981965
2.0213556589900556,-1.3010817581669263,-2.234677002185692
2.709656094979873,1.5970005940745684,-1.58944962915574
1.0295619519376173,-0.73672389380343,-2.313248443569674
1.1238420164382377,0.7059179864199012,-1.4947136149206506
1.2894300567029753,-1.0316388687119553,-0.3300105235936456
0.6985077560534535,1.091346952515329,-1.1380936215095656
1.414435011279811,0.4955695135823552,-0.9417941651706805
1.9498579011377821,1.326480362541887,-1.7804976042043548
1.521848542109523,0.8411500597825193,-0.6624583974431864
-0.9692628740518392,0.0924088806686288,-1.1669197404237779
1.502810027757784,1.0899407482147982,-0.8942343040850214
0.6455775606662397,2.069623321456023,-0.9555135843312832
0.5530095181886052,0.95818797918821,-1.368945924542167
-0.11697838593577026,-0.49290166725397516,-1.0739514146093758
0.21173361741890318,-0.8200196116096561,-1.7996692429515768
2.055752163965863,-0.9858043044946904,-0.8753130582896684
-0.3045412108969867,-1.6052815195509946,-2.28972763212669
1.5397352373427955,1.4879426064663008,0.2923327788686563
1.3469912503733692,0.9081568047560413,-2.2921472652441235
1.8741928933305494,-2.4240034515856372,0.3225675786880442
-0.5751793626207562,0.3341259870197321,0.59384870122701
0.8400163438250491,0.47521956959719025,-3.5977196483098974
0.35666676383303697,0.20572046243193212,-3.168434310283167
0.2846291133687049,0.2128301396782964,-1.5623696090225572
2.699458930621629,1.9680228783780134,-0.3262491528107869
2.2828372246866984,2.0713403994195,0.22384655855970514
0.5474423336817917,-1.1554082795655651,-2.0526298600642736
1.3938001271158282,-0.8621138907013673,-0.014951219227928414
1.4257406105857962,-0.8214819749769189,-1.9179953754496815
0.8699525678084049,-0.6679936382765587,-2.016455006950964
0.606266833818438,-0.3681746191597159,-0.647285801337333
0.3589402258918464,0.02011850823752418,-2.6089200938421433
1.1719642547154525,-0.82320829841993,1.011647003740407
0.15985098070665416,-0.16548060534520717,-1.963712582515819
1.8649983085249566,0.720865826209094,-1.1740830315853636
0.7951386679185379,1.2959189348548241,-1.2993461369359245
0.8929266656674616,-0.5277666902846596,-0.5507939271480189
0.7578933149352809,-0.4633929906546734,-1.385968725185911
0.09751722506285021,-0.1507922405594072,-0.6427763307651789
1.797870886319631,-1.1393411671332951,-0.39001684891453925
0.710904212342852,-0.9543871393005731,-0.1751069646010276
1.676977612665756,0.05183659778572737,-0.898421922508087
0.6568159660694626,-0.1470481132236988,-0.581912177584947
1.4872101346078452,-0.3839779268517074,-1.7743000262312383
1.765665358162811,1.2090252256946985,-2.8698660516489367
-1.200564435744119,0.2139230334203661,-0.1872630637255419
-1.5960623967791756,-0.11397971146011078,-0.35223318325079
1.4756748381165132,0.9449449313244788,-0.501311444188002
-0.5948856452322331,-0.1833933053770599,0.13713333408897777
-0.11007673166604048,1.714323237363355,-1.016839838159926
0.0015935044815743593,0.02460016776595834,-0.4117687798528966
-1.2758066025466621,0.4541326556924319,-0.8754163902807367
2.5528072078665365,0.27227768064984575,-1.0944013348760089
-0.1492987686743159,0.305823079802791,-0.04662013179966973
1.18853062859764,-0.3904131495690663,-0.16226059563303208
1.9889637830869817,0.42416544480465107,1.563992529670414
-0.5861363032929552,0.2085127450927039,-2.3079079729862997
0.5276191244562364,0.4293861556706801,-0.21813435943139325
0.8111536521242575,1.357696738440468,-1.644111119990678
1.2111270803284047,-0.16561165216100782,-1.9245584558335573
2.611722292455898,-0.0409062557140268,-1.0584338422293742
1.5667304418132302,1.8369817456637898,-2.2393607870799843
0.35882274653461443,-2.0803222602255387,-2.0632268043412187
2.538773941160005,-0.03813007645102813,0.7883237258936422
1.3096639858949537,-0.665514592157051,0.3764920772230982
0.551151319647972,-0.20568007088166146,0.7866910452998281
2.769100570312561,0.7058803308534899,-0.920443740806827
1.2682004879637707,-2.6127909041253186,0.19301388355921412
-0.4622250619252337,-0.025293502352399383,-0.921507022572985
2.850810168972202,-0.17826619813119426,0.3704788474453853
2.700769505670963,-0.06463752982375232,-1.7008143973058933
1.3533910559483135,-1.2049556514417912,-1.87238433894235
1.336489021102192,-3.880898411336608,-0.5123109632824431
2.057105434442278,0.9744703792416146,-0.41546560552029754
2.198678722467667,0.41516003821053465,-2.7538729846457355
-1.5946542696618828,1.751967303927003,-0.35434884140997935
0.2852546258434083,0.4850111486734251,0.5517758471758127
1.8043460416389878,-0.17089371635297698,-2.2247632405514657
2.191655345871857,0.7488700674029998,-2.2212693966437196
0.872634615883664,0.6297932660599046,-0.3966671279121461
-0.07497526598869331,0.8110530618480462,-0.840203031801366
2.4482691251839777,2.1337760762638616,-0.026223589648666223
0.721645720284362,0.23845918801350457,-1.957086521846768
-0.036818663940940244,1.7988733006782298,-2.394082566127853
1.2014514663822544,-1.6046481133883537,-1.9705524766638292
1.5017557989907293,0.11871485633590126,-1.9483729289736478
2.613334922011462,0.7622380341957407,-1.4960415451544122
-0.8977106282505025,1.8364307309785095,-0.5847758797844695
2.299082573776279,-0.558974439578087,-1.031763643728643
1.5531844259723022,-0.18332095842143573,-1.5899929927263516
0.7996377039933386,-0.9890504350398052,-0.31967994178824777
1.54566999509305,0.7750320504850818,-1.3715704292877189
1.2622866189731698,-0.5933284755242275,-2.346570319324154
1.2190702096803854,1.2086187221714337,-1.9966098149924854
1.9323529322684814,-1.588639050449536,-0.1641455839883933
2.7430524278808486,-1.2366596125830565,-2.20334673287457
0.8752963202301504,1.2738040485620663,-0.5336051310293932
1.9540316671351476,0.061640527895612696,-2.0904007507624964
1.7120509492248905,0.3880532728708196,-2.0219626767681342
0.4206633427843077,-1.8607712152421274,-0.4283717258702553
0.23818054448394144,-0.7817084487479097,0.05248104175704893
2.6615021287437646,-0.36873694077108565,0.7847321922170207
3.547691702457717,1.1376768205479915,0.36452821602941476
0.9610876759708867,-0.117321056690272,-2.8840155574860606
0.643590792761748,0.7749450869612452,-1.2737684268526381
-0.8625686534341959,0.18110670762463435,-1.235132964695212
3.6519991181342113,-0.9161102860088802,-0.8282083495732978
0.8637696296436649,0.3950830585998769,-1.9065917660045635
1.1037493399709664,-0.18249150374277975,-0.12620075785311047
1.1154322256846558,-0.7903083089380574,-1.4644765882084938
1.2586704644560385,1.2310650340317604,-1.0996078186843197
2.4877433319614575,-0.2757459716359816,-1.9096348063542892
2.454343476390633,0.06855236673450758,0.7097460292742801
1.7043082981680984,0.9110619704996212,-0.14653144608239355
2.4663513758566715,0.20670404514797386,-2.4985452048283516
1.3536221825367627,-0.6964936220333432,0.5791666441225238
-0.0855234635679416,-1.9544897721878425,0.3627255335268975
1.363209761002969,-0.36338021367412043,0.2862557326946189
-0.8132771324053281,-0.9783263150562643,-1.0552099009107059
0.802089240284166,0.8773320648505774,-0.8466015732911985
1.4328745920492785,-0.4123899771074438,-1.9429429016298618
0.45943421229230963,-2.131521945579862,-0.8968602152288804
1.295630654980895,1.40368805692342,-0.10086474556498504
3.0798442368337016,-1.479424681945729,-0.8361489947861952
-0.8424329199610465,-0.5441423629127627,-0.9774437914177244
0.4888339833794282,-0.39188651962504034,-0.014018861262627969
0.41906487160525996,-0.2687587064700668,0.2418035585996947
2.0627364666653065,1.034399531891664,-0.7534352926130005
1.01805510965628,-0.7163139545771664,-1.0303132927922884
1.0227983996893713,0.37386145962110606,-1.801988627354461
-0.6797914849149362,-1.3252177927196276,-1.6065926698546726
1.8124230006825046,1.276832574578479,0.15199611702156401
0.37411129353389805,1.0410667133116964,-0.2530196743471621
-0.25027081846872656,0.11944372127595972,-2.2039376508070805
1.615135458353951,-0.04510863102226869,-0.01255217692662891
0.8786053889862049,0.33872873293628236,-2.906832501067541
-0.28089527133755654,-0.21420840849892792,-0.5686542755544679
1.3246098059252542,-0.7246823330681339,-1.1609618588774528
1.6705693906174532,0.03168205242632887,-2.190828876058967
1.1491613231433755,0.6768147022091092,-1.1852983698679798
1.3270638038828972,0.4483061775844313,-1.7240546065530702
0.6470383098581782,0.3542273762411388,-1.9682305217710712
0.09447235955632927,1.7967619770154886,0.06256065640128261
2.6761854255764614,-0.6842936580828958,-0.9568080648388849
1.6809960077267707,-0.8089413086779647,-1.2149017607954362
0.29628238940659224,-0.6239159757985199,-0.8940618084329897
1.1020797487098908,0.08404446876740951,-0.6123069250937185
2.195056139684479,1.3280163476072988,-1.0003184251464896
0.722040614218391,-0.4752521131418734,-0.6562071083827311
0.9478347083701596,-0.1102959335588841,-1.9655418554130097
1.3536836012498141,0.36598670110297515,-0.9659144337664682
0.591689237889446,-0.7024316022689704,-1.371758159629009
-0.8104296677951879,-1.2039358410124956,-1.8292286596720921
0.09669193771989226,-1.0768527089402684,-0.0705026078012192
2.0540450911893133,-0.9079465798864168,-0.8030387293336663
0.01912312327101684,0.9564336213624491,-1.275504320579032
1.3520788914043784,-1.3450166621321085,-0.9377521753442116
1.6659818403106037,-0.8606082116903445,-0.7500767020957089
2.0655015019548215,-0.8672252412745877,-2.5244078098220744
0.7715663868972974,0.3233160031348656,-1.090377218469524
1.364483904245827,-0.8212000497348988,0.846290228666585
-0.5148466572154331,-2.1218916845839226,0.04164133106191259
0.9247387127627742,1.1997859067392564,-0.7372080172263714
0.7029419182426239,-0.4159343080735403,-1.3600826965631243
0.2725856182267381,0.24867245049422668,0.39894773358465807
0.7541246596144208,0.40773430199704785,-1.0622088602846504
0.8720510578803675,1.1547169381385685,-1.7582168291209241
0.6306893800905383,0.6742820608319336,-1.0857465146290843
-1.6230042844775308,-0.9636316533890932,-0.7906541239446435
3.1158507289245674,0.6982002070192113,-1.1494726216258786
1.6855615854791441,0.12844478591025377,0.20653855688382539
0.8425560152882496,-0.2627885559031957,-0.8793958488778937
2.3812877674130073,0.2711315624877513,-0.06273386217064847
1.0684265587418822,-0.24043918878435105,-2.3321526867962654
1.3125362924833865,-1.462158097325745,-2.001291531183059
1.4542531851503622,1.022049175049396,-0.9339909724403355
0.21152812469814952,0.7493338371828229,-1.2407187770744001
0.9341596656888405,-1.0897604252616524,-0.5996943462524682
-0.418479846109691,1.2103988203374765,-1.2707520506991936
0.8602466597890789,1.7304250791384268,-0.2168838032253254
0.44464514378690134,-0.9841762257860103,-2.1516775599326476
0.4980822211479856,0.4426019429930212,0.27178483642041407
1.6931185215037656,-0.17177732497766232,-3.1527073956668956
0.7546395031498353,0.9526949612766363,-0.738760059762422
-0.26943185908585443,-0.07692257388594723,-0.18006214045865154
0.7376761448159289,0.7988644362166253,-1.3127764239218924
3.337598482195056,-0.8948675227225689,-0.7189192004915592
0.2182825623239698,0.30662998611806924,-1.4288254952252306
1.0800997455382506,-1.186453685478522,-1.1915171214498115
-0.3394111207653079,-1.5553317365088708,-1.6985726866692414
1.413450963825166,-0.16153394070070218,-0.713807606761246
1.2044519673486542,1.8177266046224785,-0.423622809964581
1.4784532945297004,0.023361051696536957,-0.7891467883364722
1.029580970975237,1.0830198080244886,-3.026795707695181
0.8175580156010613,-0.045787582212742484,-2.3711998342957368
1.01746667513481,0.29975040348653653,-0.06003153011747575
3.054289530002812,0.6667516134294499,-0.5095632433801522
-1.5318833133900305,0.03285135206005782,-0.4302557618729982
1.4238146840382535,-2.3340467456314773,-1.3614037700474997
0.044316484409363976,0.2772050917287884,0.8085901193907215
0.8663257896782208,-1.7120972772330818,-0.6716239712352339
-0.07740332470946099,2.1881393198419006,-1.4924768507737487
2.2499025106911574,0.6716661637650329,-1.6904024291926545
1.571148753463103,0.14335455817973639,-0.7028624870284097
1.2970484291574556,0.3457840256500269,0.03771865316816325
1.8718652175016266,0.9945342545778538,-0.9733982285658297
0.8362888034257699,0.7016674658076202,-0.5517638140395332
1.6895231987879344,0.6282178729795443,0.024917846595305715
2.9845899031898866,-0.05079494461601622,-1.4695553403140416
0.8817181149059874,-0.16508804781452002,-1.323371544066354
1.955129918923273,-0.18839787559541288,-1.0866427250269446
-0.18055288619777032,-0.09210274419330271,-1.8624280577960668
2.4704739392964385,-1.244182999570327,0.1559861573816439
0.9784421163769723,0.48732737406114873,-1.5836440062293795
1.7108614710694785,0.7059271815117,-2.4164605334552527
0.18816494792527616,0.8893864417154209,-0.20080426163433707
-1.251213065289845,1.0075650455154623,-3.0638562648042016
-0.12610018599184003,-0.9875432427502292,-1.4576730344838276
0.6921332540831047,-0.8974323828566442,-0.6842046131530402
0.03811546436017765,0.3704727933793549,-1.0139593245918885
1.6708259593192185,-0.1781069483689504,-1.3760687353770191
1.0633834265915638,-0.3978788386617312,-1.7153562144430163
0.34320411953576735,0.767444238733573,0.8027595093472946
0.7116368175472799,1.6782096684132137,-2.5395260201481147
0.7802065042554835,0.6585002902138842,0.14438203035796127
1.2002479608069248,0.3826627262272243,-0.8624020648970073
0.15449975896933443,-1.0989428108595805,-1.7102661226647373
3.6429226847057117,-1.1094197118732438,-1.4792629162721913
0.6662552293364322,-1.3949057189618417,-2.0009713266190894
0.8544916398274918,1.1786198878217367,-0.5520213236304825
1.8933687076816907,-0.5288023483216494,-1.0386443198569246
2.288554738453981,0.6800761024699103,-1.4664119823243573
1.3311981880114836,1.2524036754618113,-0.33166116841533855
0.9246321018936803,0.6703941265404708,1.2431599104928535
0.938852344477096,-1.539720954428573,-1.197019793498255
2.856056866448568,1.1887470109050349,-1.6677363338961153
0.2469587175438711,-0.3198166671673106,-1.5906834837066817
0.6597741302353934,-1.2572091348955425,0.6884399750677153
0.4490039606936994,0.40512128164086975,-0.0846037191782425
0.39596267374779026,0.4309173591287548,-0.24944686206712507
3.1225899596034625,1.242878161737576,-1.9147340901236793
1.0203055207308842,-0.755557277067708,-1.6039370094274987
0.133739945552664,0.39363291668392697,-1.9788931847886686
0.6441116136771657,-0.9086522186620652,-0.4403360466156995
0.045657689231025755,1.4997582235775866,-0.9448713841039856
2.5914641140971657,-0.36249074930148834,0.06374311372230124
1.0005873380366201,-0.6219513112858773,-2.910979179300596
0.5359682681820284,-1.1142296120480875,0.10182860435131258
-0.5237107863092993,-1.8674800242068357,-1.2733712320827408
1.1548703653480719,0.05883894213673241,-1.2310607320238764
0.15935065601909137,-0.6350482957789884,-1.778534897463342
1.0106857825110018,-0.274831925963859,-1.8780165233260577
0.4562596095444914,0.4366730443882153,-2.002812130602873
1.6754553436625048,-0.41864653171171157,-0.513414620849366
0.026657786768934932,0.04115426416709586,-0.7387545188091984
1.8183481023464054,-0.8087627870250808,-1.3149952886733145
0.8839827145462076,-0.044046891846643565,-0.4937204290203734
0.30914178564220884,0.2814329709607391,-0.21217717715593898
2.038955475703893,-0.939682992749632,-0.532222248854279
1.9812718480285891,1.9809104929457828,-2.480923563708691
1.616620803564159,1.4525379731713304,-0.7809524322230348
0.2125129676648463,0.2693541122235804,-0.22442817560236894
1.0208567367544654,0.2875608106832903,-0.8616229118521687
1.5993399050363708,-1.1715411162785927,0.537852860447031
0.6218047373266535,-1.1604663189250948,-1.187720195612557
0.944531233120557,0.23687769544296194,0.19509389727340354
2.983488054493826,-0.755678771851977,-0.9250839397556946
1.077888028027874,-0.6284637608638716,1.3572655370054134
1.4045844144487454,0.6087789266465395,-1.0764036624328406
0.15099049009318488,-1.6700835654431367,-0.677334312376151
0.9219102009126243,1.456139242371103,-1.233626139794041
0.4726877593802403,0.40523146638138585,-1.6341142949590028
0.7573120663639711,1.7321131851121072,-1.3355489132455496
2.10694984600854,-0.9360097378289921,-1.363182906384176
0.9644700849281945,-0.3837072375064525,-2.2611146512447333
0.0400850162879155,0.8289514014172079,-2.5625121775493755
0.37104902519695315,-0.7663148566790258,-1.2186597203783789
1.2685148227050607,2.035703060212518,-2.123134348688889
1.488360812855723,0.044471923245661134,-1.2287393283862773
1.586838602114991,-0.6528550647723996,-2.0365449927595964
0.8246072589092103,-0.679804530125315,-3.1915386961591126
0.5665737431578419,-0.8728734316187378,-1.6731612958362363
1.0436720114073457,-0.6495941486260353,-1.1508036324181743
-1.3688929312790288,-1.0798429071720486,-2.2011961716212145
-0.5927211354658712,-0.10692426722026697,-0.9164489895680269
-1.4416707402428321,0.5859864359048621,0.8192167997439466
0.7372661717300903,2.217138469953305,-1.5562584212454813
0.177381681289137,0.8986444947075308,-2.0137511429420583
0.9577316616681754,2.5507841069818413,-0.1950419923272947
0.6087297991625489,0.164857621973513,0.1388487755701333
1.2305804999132353,0.1949456941503467,-1.9132117566638422
1.3285638932885435,-0.8038880300555153,1.0474932801913241
1.8380485839532836,-0.36475444243656485,-1.8947829502617552
0.09211838723885546,0.15514467874395169,0.05910271909628073
0.9582544867393678,-0.2478571509345204,-1.6058567195020264
-0.9943356434051311,-0.6176840044986863,-2.0968323453443074
1.1081642558192817,0.7111634755571083,-0.7823574165560044
0.4107143109937824,0.15026325770082377,1.122046771321695
0.01501976637551028,-0.24082702910484005,0.12149057651225825
-0.0361773997113255,-0.8589872706989458,-2.101166342161317
3.039686037158919,0.765042456099499,-2.2725711408453018
0.3412429160600776,0.6721743756806497,-0.15654105422777154
0.39201643882980763,0.027693813616147662,-0.1260338580183099
1.8664529018458071,-0.2277986170048388,-2.162254870727212
0.2585305105720729,-1.9200563488957647,-0.8738142100389326
-0.4705614732040191,-0.18553407247035877,-0.49421514950328893
1.7084741210544878,-0.1488491864736928,-0.3304847630277188
0.8714876025788949,1.2420059820972735,-0.5166022099558567
0.8393601704784858,1.0295744870694767,-1.4383565886430891
2.0771702093251387,0.3960240613023701,-1.1395214607708566
0.38660259784507933,-0.886283148724009,0.6678766138462109
0.288236368687701,0.4292364271091284,-0.09364379002133905
1.0654385393353065,0.6919934211102784,-0.13969589475133937
0.5785291666889283,0.24269420478653897,-1.009413710135323
0.658783116325566,1.524032803030159,-1.8075485015292925
2.3120365067494255,0.30392147880315273,-1.7848128653629298
-0.8229324878347437,-0.11204894302787052,-2.3155155066668116
1.215375926561661,-0.2968382699098536,-0.3124755270301881
0.3292866716841256,0.14859004271527046,-1.1572352664979728
1.259717473678968,0.7650403689034372,-0.6966002396421183
1.4695494268607872,0.7791278729368808,-1.3634069100250206
1.4922331098465613,1.470279951802613,-1.552651148254412
1.51217052768379,0.17345807234768607,-0.5855790478773781
-0.1420202563413573,0.106671404725705,-0.8248289614924974
0.8851061357559544,-0.8183638169040534,-1.5295157789486404
2.265974917971162,0.6716494099559157,-1.0674569432715577
0.07076997481993919,0.08734211555295829,0.058814717443788966
1.190915320510191,0.8764694352033359,-1.117897925028328
2.001555629245316,-0.2664635297650493,-2.853420786436435
0.9025785096023011,2.153441153184299,-1.7018494437516054
-1.1195969823194138,1.2493523463617866,-0.737603658275834
-1.1969217399884924,0.2420064956731981,-2.7245959745828126
2.1222678660579177,-0.832729497596672,-0.7234196240957289
3.0118420191461803,2.4542187458687965,0.07302413426472731
1.3020107470343127,-1.292658801311045,-0.3647148835780242
0.5103383597580975,0.3530564478910547,-3.1785482358583024
0.4864509052338435,-0.0978270208001495,-0.6879562352348315
-0.07392105992373255,0.49112148233031405,0.5723784501068536
3.2035145562945293,-0.5152852461064485,1.0027932897849974
0.7011715426816159,1.0320583803668448,-0.9906898850299551
2.3460983256762606,-0.30466683645644077,-2.1284197336577857
1.626820481067724,-1.239797263389456,-2.259131173920121
0.9341892453637125,-0.4350088924532626,-1.2671230751143494
-0.8438652086995353,-0.5722935592755923,0.7549089728708489
1.1099725426964824,-0.34776318020899805,-0.9409188143534346
3.0065611269776644,-0.6469566296082585,-0.05350770336882493
0.2421494004960918,-1.0601286947739665,-0.7873981833942867
2.015997840123249,0.40119807230690524,-1.5276761509481744
-0.5924931529940101,-0.8035337179568083,-2.095412153424508
1.2923665381528413,-0.32464885682066535,-0.6096616042559375
2.3370321440963355,0.7006001855655317,-1.1471418559769568
0.7567460762055835,0.7654899502535211,-1.522368148617418
0.7689764336217138,-0.5077726826549364,-0.36941733420620837
0.6610707177581622,-0.024494857264497627,1.0249145292745658
1.3186160154286117,0.7607472623817266,0.5730764248623419
2.3970387291415345,1.3812406480253512,1.1144885255719745
0.12018695128684165,0.38453910919426754,-0.37996233853863237
1.1118204778015692,-1.0743454438399593,-0.4662411641399512
1.4315681264740077,0.30015525383724,0.7231894782423005
2.613785097175734,0.5132615340882966,-2.3905992496690502
0.7026154289923963,-0.5423819916500694,-0.386279769070457
2.638962314523427,0.07862408070240051,-0.25330037727278865
1.1340965921650972,-0.484999956436842,-2.504179396643253
1.1720373663576686,-0.08645566565000162,-2.687467127319488
-0.36501715428430215,1.3157097712451065,0.20697780659632237
0.5787343172599793,0.2081278896527812,-1.8400765096126563
1.8806401486464326,-1.4018507981612969,1.2325826427149265
-0.4725665519328299,-0.8244687862932972,-2.7586863370817127
1.7577097291811645,0.20041714856957057,0.16878532421373316
0.3633949872442864,-0.12841678391824568,-2.089552945801431
0.984161839325122,0.44842752674621966,0.977851686825544
0.6121852590637321,1.2112079379672898,-0.6698771053361632
1.889663415455283,0.593436194757973,0.48140367845884136
2.1341571652425655,0.6472145518303672,-1.4016358860358553
2.7316301950572073,-1.0819792183881822,0.6341183052612536
0.29448015510383274,-0.045519127013381164,-2.764545049525335
-0.28581043358543456,0.31131556600495014,1.1341862308569168
0.3617899424466918,-0.8542281531544925,-1.5215867557821654
1.700784795725888,-2.569458331707609,-1.7485332528941213
1.8811405230322151,0.14474154261820477,-0.8943452757709913
0.3467961900109673,-0.2961352600643635,-1.7014885159678805
-0.3199659025249799,-0.3291679420242435,-0.3919207324126224
0.18128739555341833,1.108549167175562,-1.4866930088517378
1.162702211195899,0.32238622081204754,-0.6623011701580086
1.6697599912207146,-1.955976676182341,-0.0509223496592176
0.4259195812353884,0.371283600076078,-1.4917305830926815
1.7436871197925536,-0.7037774143464098,-1.5516216392219764
1.616712619670551,0.5566218332914563,-0.9537998070648797
1.9718668340412515,1.9570035817404703,-0.9958414904769479
0.28809648270764654,0.8410296980606171,-1.858701722747237
0.2643072148507484,0.5625522926282494,-0.25511329723302223
0.03653621722942779,0.44231707444209045,-1.3922013804378728
1.4591377032263069,-0.2650718569446505,-1.731709634688542
1.6562382063047019,1.2222522419256168,-1.0457658472897313
1.7515034769028561,0.1665021622951669,-2.077162554067213
-0.8721836112668646,-1.2434289733555268,-1.8829829954181805
0.4437199387807277,0.3485794102195174,-0.3670695488102186
1.2721639657384405,0.6325789918694588,-0.2969662881107751
1.9315457527732458,2.0133817922350015,-2.0932683506439034
1.327532331182394,0.7814628916556282,-0.8135299762915106
1.7408138005017622,2.1471517658059245,1.6798537090318453
0.1980949522399802,-0.9083505301473382,0.0756314327636356
